{
"ZMP_Lag_T"	:	0.005,
"IMU_Lag_T"	:	0.04,
"Fz_Lag_T"	:	0.00,
	
"pitch_bias":	0.011343804537521815008726003490401,
"zmpbias_micro":0.85,
"zmpx_bias": 	-0.0,
"zmpy_bias":	-0.0,
"m_robot_bias": 4.5,
"roll_ampli":  	2.5,
"tau_pitch_bias":0.0,
"tau_roll_bias": 0.0,
	
"Zc":	0.7,
"paras_LIPM":[
		2.63372,    8.7093,  18.0845,	
		20.0, 8.7093, 16.0	
	],	
"paras_TPC":[
		25.340529,68.782720,25.445165,	
	    31.92515,64.69249,41.53444
	],
"paras_TPC_3.6_soso":[
		25.340529,68.782720,25.445165,	
	    31.92515,64.69249,41.53444
	],
"paras_TPC_3.4nogood":[
		25.340529,68.782720,25.445165,	
	    29.98574,58.31472,41.17373
	],
"paras_TPC_3.1_3.2_3.3ok":[
		25.340529,68.782720,25.445165,	
	    27.98669,58.31472,41.17373
	],
"paras_TPC_3.0_ok":[
		25.340529,68.782720,25.445165,		
		25.98765,58.31472,41.17373
	],
"paras_TPC_2.9_2of3":[
		25.340529,68.782720,25.445165,		
		27.16897,59.62609,32.49068	
	],
"paras_TPC_2.9_soso":[
		25.340529,68.782720,25.445165,		 
		28.47209,61.02797,22.98326		
	],
"paras_TPC_re":[
		25.340529,68.782720,25.445165,		
		26.28193,61.02797,22.98326		
	],
"limit_TPC":[ 0.04, 0.03 ],

"paras_GRFC_old":[
		1875.0, 595.0,		
		320.5, 70.75,		
		40000.0, 6000.0 
	],
"paras_GRFC_old_3.6_soso":[
		1875.0, 595.0,		
		320.5, 70.75,		
		40000.0, 6000.0 
	],
"paras_GRFC_old_3.2ok":[
		1875.0, 595.0,		
		320.5, 70.75,		
		55000.0, 6000.0 
	],
"paras_GRFC_old_3.3ok":[
		1875.0, 595.0,		
		320.5, 70.75,		
		50000.0, 6000.0 
	],
"paras_GRFC_old_re":[
		187.5, 59.5,		
		262.5, 63.75,		
		80000.0, 10000.0 
	],
"limit_GRFC_old":[ 0.1745, 0.1745, 0.015 ], 
"paras_GRFC":[
		0.25, 10.0, 8.0,		
		0.25, 10.0, 8.0				
	],
"limit_GRFC":[ 0.5236, 0.3490 ], 

"paras_Rot":[
		 170.0, 20.0, 30.0,		
		 120.0, 50.0, 15.0		
	],
"paras_Rot_re":[
		 150.0, 30.0, 25.0,		
		 120.0, 50.0, 15.0		
	],
"limit_Rot":[ 0.3490, 0.2618 ],

"Balance_Pro":[ 10.0, 10.0 ], 
"Micro_Pro":[ 0.2, 0.2 ], 
"limit_Pro":[ 50.0, 50.0 ],

"paras_FlyBody":[ 
		145.9, 58.3, 16.7,		
		145.9, 58.3, 16.7
	],
"limit_FlyBody":[0.1745, 0.1745 ], 
"wake_FlyBody":[0.0, 0.0 ], 
	
"paras_FlyFoot":[ 
		4.83, 59.1,		
		4.83, 59.1	
	],
"limit_FlyFoot":[ 0.0873, 0.0873 ],
"wake_FlyFoot":[ 0.0, 0.0 ], 

	
"paras_Step":[
		60.0, 62.5, 11.25,		
		60.0, 62.5, 11.25,		
		20.0, 25.0, 9.0,					
		20.0, 25.0, 9.0						
	],
"limit_Step":[ 0.06, 0.1745, 0.1745 ], 

"paras_Land":[
		1.2, 180.0, 275.0,		
		1.0, 150.0, 275.0,		
		0.3, 175.0, 28.0,		
		0.04, 0.08				
	],
"limit_Land":[ 0.2618, 0.1745 ],
"wake_Land":[ 0.1099, -0.1396, 0.0785],

	
"paras_Cont":[
		100.0, 18000.0, 260.0, 0.00004, 0.36 
	],
"limit_Cont":[ 0.1 ],
"paras_Stepdown":[
		0.112, 0.004, 250.0, 50.0    
	],
"k_down":0,
"k_down_fore":55, 
"H_ankle":0.0,

"addi_pitch":0.0,
"addi_Rfoot_pitch":0.0,
"addi_Lfoot_pitch":0.0,
"roll_bias_foot":0.0,
"pitch_bias_foot":0.0
}