{
"ZMP_Lag_T"	:	0.004,
"IMU_Lag_T"	:	0.004,
"Fz_Lag_T"	:	0.004,
	
"pitch_bias":	0.011343804537521815008726003490401,
"zmpbias_micro":0.85,
"zmpx_bias": 	-0.0,
"zmpy_bias":	-0.0,
"m_robot_bias": 4.5,
"roll_ampli":  	2.5,
"tau_pitch_bias":0.0,
"tau_roll_bias": 0.0,
	
"Zc":	0.7,
"paras_LIPM":[
		1.5, 0.18, 0.01,
		1.6, 0.22, 0.01	
	],	
"paras_LIPM_noshoes_run":[
		1.5, 0.18, 0.01,
		1.7, 0.22, 0.01	
	],	
"paras_LIPM_bk_for_additor":[
		2.8, 0.0, 0.01,	
		2.5, 0.0, 0.01	
	],	
"paras_LIPM_stepgood":[
		1.8, 0.27, 0.01,	
		1.5, 0.25, 0.01	
	],	
"paras_LIPM_stand_good":[
		1.2, 0.24, 0.01,	
		1.0, 0.15, 0.01	
	],	
"paras_LIPM_bk":[
		14.7808, 3.9503, 0.012917,	
		14.7808, 3.9503, 0.012917	
	],	
"paras_TPC":[
		15.340529,68.782720,25.445165,	
	    17.98669,58.31472,41.17373
	],
"paras_TPC_bk":[
		50.340529,56.782720,25.445165,	
	    60.92515,64.69249,41.53444
	],
"paras_TPC_3.6_soso":[
		30.340529,68.782720,25.445165,	
	    31.92515,64.69249,41.53444
	],
"paras_TPC_3.4nogood":[
		25.340529,68.782720,25.445165,	
	    29.98574,58.31472,41.17373
	],
"paras_TPC_3.1_3.2_3.3ok":[
		25.340529,68.782720,25.445165,	
	    27.98669,58.31472,41.17373
	],
"paras_TPC_3.0_ok":[
		25.340529,68.782720,25.445165,		
		25.98765,58.31472,41.17373
	],
"paras_TPC_2.9_2of3":[
		25.340529,68.782720,25.445165,		
		27.16897,59.62609,32.49068	
	],
"paras_TPC_2.9_soso":[
		25.340529,68.782720,25.445165,		 
		28.47209,61.02797,22.98326		
	],
"paras_TPC_re":[
		25.340529,68.782720,25.445165,		
		26.28193,61.02797,22.98326		
	],
"limit_TPC":[ 0.04, 0.03 ],

"paras_GRFC_old":[
		0.030578, 0.70184,		
		0.030578, 0.70184,		
		40000.0, 6000.0 
	],
"paras_GRFC_old_noshoes_run":[
		0.020578, 1.00184,		
		0.020578, 1.00184,		
		40000.0, 6000.0 
	],
"paras_GRFC_old_stepgood":[
		0.042578, 0.30184,		
		0.042578, 0.30184,		
		40000.0, 6000.0 
	],
"paras_GRFC_old_3.6_soso":[
		1875.0, 595.0,		
		320.5, 70.75,		
		40000.0, 6000.0 
	],
"paras_GRFC_old_3.2ok":[
		1875.0, 595.0,		
		320.5, 70.75,		
		55000.0, 6000.0 
	],
"paras_GRFC_old_3.3ok":[
		1875.0, 595.0,		
		320.5, 70.75,		
		50000.0, 6000.0 
	],
"paras_GRFC_old_re":[
		187.5, 59.5,		
		262.5, 63.75,		
		80000.0, 10000.0 
	],
"limit_GRFC_old":[ 0.1745, 0.1745, 0.015 ], 
"paras_GRFC":[
		0.25, 32.0, 6.0,		
		0.18, 20.0, 5.0				
	],
"limit_GRFC":[ 0.5236, 0.3490 ], 

"paras_Rot":[
		 160.0, 20.0, 18.0,		
		 180.0, 23.0, 20.0		
	],
"paras_Rot_re":[
		 150.0, 30.0, 25.0,		
		 80.0, 50.0, 30.0		
	],
"limit_Rot":[ 0.3490, 0.2618 ],

"Balance_Pro":[ 10.0, 10.0 ], 
"Micro_Pro":[ 0.2, 0.2 ], 
"limit_Pro":[ 50.0, 50.0 ],

"paras_FlyBody":[ 
		145.9, 58.3, 16.7,		
		145.9, 58.3, 16.7
	],
"limit_FlyBody":[0.1745, 0.1745 ], 
"wake_FlyBody":[0.0, 0.0 ], 
	
"paras_FlyFoot":[ 
		4.83, 59.1,		
		4.83, 59.1	
	],
"limit_FlyFoot":[ 0.0873, 0.0873 ],
"wake_FlyFoot":[ 0.0, 0.0 ], 

	
"paras_Step":[
		60.0, 62.5, 11.25,		
		60.0, 62.5, 11.25,		
		20.0, 25.0, 9.0,					
		20.0, 25.0, 9.0						
	],
"limit_Step":[ 0.06, 0.1745, 0.1745 ], 

"paras_Land":[
		1.2, 180.0, 275.0,		
		1.0, 150.0, 275.0,		
		0.3, 175.0, 28.0,		
		0.04, 0.08				
	],
"limit_Land":[ 0.2618, 0.1745 ],
"wake_Land":[ 0.1099, -0.1396, 0.0785],

"paras_Cont":[
		40000.000000, 6000.000000, 25.000000, 0.0, 0.0 
	],	
"paras_Cont_bk":[
		22000.0, 7800.0, 22.0, 0.0, 0.0 
	],	
"paras_Cont_2.7good":[
		30000.0, 8000.0, 25.0, 0.0, 0.0 
	],
"paras_Cont_2.7soso":[
		40000.0, 9500.0, 28.0, 0.0, 0.0 
	],	
"paras_Cont_old_not_good":[
		180000.0, 13395.0, 200.0, 0.0, 0.0 
	],
"limit_Cont":[ 0.08 ],
"paras_Stepdown":[
		0.112, 0.004, 250.0, 50.0    
	],
"k_down":0,
"k_down_fore":55, 
"H_ankle":0.0,

"addi_pitch":0.0,
"addi_Rfoot_pitch":0.0,
"addi_Lfoot_pitch":0.0,
"roll_bias_foot":0.0,
"pitch_bias_foot":0.0
}